,0,TF
MC00332|PAX5,3.872078286979578e-29,PAX5
MS00135|KLF14,1.335218781224112e-24,KLF14
M00717|PAX8,1.9811198961166478e-24,PAX8
M00139|AHR,4.73398126563435e-24,AHR
MC00320|EGR1,6.4352033947925645e-24,EGR1
MC00257|Pax5,9.809043363925087e-24,Pax5
M00327|PAX3,1.2158284890750671e-23,PAX3
M01177|SREBF2,1.5896479461398182e-22,SREBF2
UP00057|ZIC2,2.3456064251177956e-22,ZIC2
MS00357|ZIC4,2.963272264148005e-22,ZIC4
UP00003|E2F3,6.788419950856967e-22,E2F3
MC00299|BRCA1,1.723421006666659e-21,BRCA1
MS00079|HINFP1,2.086741508854514e-21,HINFP1
M01122|ZNF219,2.2757894342584123e-21,ZNF219
MC00418|ZBTB33,2.7718312368369522e-21,ZBTB33
UP00088|PLAGL1,4.20908323588062e-21,PLAGL1
MS00567|EGR3,4.2500858986083754e-21,EGR3
MS00239|Tcfap2a,4.642353175556719e-21,Tcfap2a
M01592|TFCP2L1,7.562736358534861e-21,TFCP2L1
MC00221|Tbx3,8.011668217067213e-21,Tbx3
MC00376|ZBTB7A,8.393944769159465e-21,ZBTB7A
UP00102|ZIC1,9.068303852185181e-21,ZIC1
MC00523|E2F4,1.2443089249164747e-20,E2F4
M00373|PAX4,1.551609618713527e-20,PAX4
UP00001|E2F2,1.8474267182177904e-20,E2F2
MS00789|Egr3,3.9144511181554954e-20,Egr3
MC00182|E2F1,5.407142930395298e-20,E2F1
MS00445|ZNF740,6.194297287141561e-20,ZNF740
M01118|WT1,7.22812163484447e-20,WT1
MS00117|PAX1,7.722813962149524e-20,PAX1
MS00118|PAX2,1.0631016069953735e-19,PAX2
MS00128|PAX9,1.3235746057122534e-19,PAX9
UP00006|Zic3,1.4628268481067873e-19,Zic3
MS00346|ZIC3,1.6473956285198531e-19,ZIC3
MS00228|TFAP2B,1.6478119303578505e-19,TFAP2B
MC00319|EGR2,2.79330018206557e-19,EGR2
MS00246|SP8,3.843744096196174e-19,SP8
MA0116|Zfp423,3.882150994660517e-19,Zfp423
MS00223|SP3,4.1876669816363854e-19,SP3
MS00035|GLIS2,4.738243136471021e-19,GLIS2
M00332|FOXN1,4.941381997967895e-19,FOXN1
MS00534|CENPB,5.989287381867551e-19,CENPB
UP00087|Tcfap2c,8.537282834921308e-19,Tcfap2c
MC00333|ESR2,1.2206186209342136e-18,ESR2
M00491|PATZ1,2.0376950685460528e-18,PATZ1
UP00065|Zfp161,2.073341464744451e-18,Zfp161
MS00323|ZBTB7C,2.8187460789845423e-18,ZBTB7C
MS00678|EGR4,3.2765630280674025e-18,EGR4
UP00021|Zfp281,4.343066768287216e-18,Zfp281
M01783|SP2,6.2209542703447765e-18,SP2
MC00430|Egr2,6.5382984184814345e-18,Egr2
MS00211|TBX2,6.5526996441174726e-18,TBX2
MS00024|GLIS1,6.65792460645515e-18,GLIS1
M00695|TEAD2,6.801963274787412e-18,TEAD2
MC00140|Stat3,6.817345518484895e-18,Stat3
UP00084|Gmeb1,7.187619186997033e-18,Gmeb1
MC00158|E2f4,8.491322156127667e-18,E2f4
M00737|E2F1::TFDP2,8.669557877796287e-18,E2F1::TFDP2
M01714|KLF15,1.3498981419523473e-17,KLF15
MC00183|Snai1,1.638356384152541e-17,Snai1
MC00174|REST,2.05618376542764e-17,REST
MS00235|SP4,2.2754070479899076e-17,SP4
UP00000|SMAD3,2.7732371606833642e-17,SMAD3
MS00212|SP1,3.097937669065645e-17,SP1
MS00146|KLF16,3.371229721568359e-17,KLF16
UP00028|Tcfap2e,4.7701359048962665e-17,Tcfap2e
MC00328|Zfx,4.812841471386218e-17,Zfx
MS00843|GLI2,5.137672946375954e-17,GLI2
MS00512|Zfp740,6.125764728467646e-17,Zfp740
MS00046|GLIS3,6.306870730369207e-17,GLIS3
M00647|NR1H3,7.276585117507994e-17,NR1H3
UP00066|HNF4A,8.870202108025057e-17,HNF4A
MC00254|E2F6,1.2485892432978673e-16,E2F6
M01002|DEAF1,1.6665820149734392e-16,DEAF1
MC00252|Rara,2.8800701344730043e-16,Rara
M01742|Zscan10,3.13055300326041e-16,Zscan10
MC00391|ZNF143,3.6328599455916546e-16,ZNF143
MS00048|GCM1,4.707337215365137e-16,GCM1
MS00727|ZBTB49,9.248215820766322e-16,ZBTB49
M00649|MAZ,1.0119240455303604e-15,MAZ
MS00124|KLF13,1.289769540231458e-15,KLF13
M00736|E2F1::TFDP1,1.4212793173025186e-15,E2F1::TFDP1
MS00285|TCF4,1.5165042265484317e-15,TCF4
MC00510|E2f3,1.9126061879326567e-15,E2f3
MC00427|ETV1,2.1834480907560545e-15,ETV1
MS00157|Klf12,2.5298620801390005e-15,Klf12
M01241|GTF2IRD1,3.6806177420089335e-15,GTF2IRD1
M01104|Ovol2,6.4362626640524626e-15,Ovol2
M00468|KLF12,6.620667131310945e-15,KLF12
UP00093|Klf7,6.6810411039319565e-15,Klf7
M01243|MTF1,9.895507352150604e-15,MTF1
M00514|ATF4,1.1996267056814573e-14,ATF4
M00179|ATF2,1.5898513764566214e-14,ATF2
MS00264|MESP1,1.811029308007587e-14,MESP1
M01109|ZNF589,1.9278155539236883e-14,ZNF589
MS00274|NHLH1,2.594851936042561e-14,NHLH1
MC00518|Tfcp2,2.7482453756514472e-14,Tfcp2
MA0145|Tcfcp2l1,4.185539740849675e-14,Tcfcp2l1
MS00423|ZNF524,4.7032575643465e-14,ZNF524
UP00330|XBP1,5.068109207581177e-14,XBP1
MC00144|Rfx1,5.088145127271943e-14,Rfx1
M01175|ZBTB7B,5.715559427146293e-14,ZBTB7B
M01009|HES1,6.115602115446442e-14,HES1
MA0131|HINFP,6.193572506329092e-14,HINFP
MC00160|ETV3,6.84987571912975e-14,ETV3
M00500|STAT6,8.353588687757865e-14,STAT6
MS00183|GMEB2,1.1696623733257073e-13,GMEB2
UP00094|Zfp128,1.2491669023240495e-13,Zfp128
MC00109|Klf4,1.6549950487163775e-13,Klf4
MC00125|Rest,2.1118568953017352e-13,Rest
UP00010|Tcfap2b,2.2117981403986683e-13,Tcfap2b
UP00038|Spdef,2.4861717080995784e-13,Spdef
MC00509|NR2C2,3.4059310361063973e-13,NR2C2
MS00101|Hic1,3.7576814028382496e-13,Hic1
M01037|GLI1,4.1623127668467324e-13,GLI1
MC00316|HIF1A,4.810051084421877e-13,HIF1A
MS00111|NFKB2,5.062686201597115e-13,NFKB2
MC00262|ARNT,5.080904156078623e-13,ARNT
MS00125|PAX6,6.817685255105784e-13,PAX6
MS00173|RUNX2,9.61136676485918e-13,RUNX2
MS00260|HEY2,1.2365143443215328e-12,HEY2
M00518|PPARG::RXRA,1.4604742468471433e-12,PPARG::RXRA
MS00304|CREB3L1,1.778529660696786e-12,CREB3L1
MS00227|TFAP2A,1.7817958655880904e-12,TFAP2A
MS00019|ETV5,1.8889738374101115e-12,ETV5
MA0163|PLAG1,2.103375963433066e-12,PLAG1
MC00358|Ebf1,2.3879672781593138e-12,Ebf1
M00222|TCF3,2.44747638524313e-12,TCF3
MC00110|Klf1,2.6043617280970395e-12,Klf1
M00792|SMAD1,2.76463169985779e-12,SMAD1
M01248|NR0B1,2.797454800387185e-12,NR0B1
MS00110|NFKB1,4.517947332623654e-12,NFKB1
MS00258|HEY1,5.028708979608459e-12,HEY1
MS00057|HIC2,5.1429893755498664e-12,HIC2
MS00333|Mafb,5.430180531889673e-12,Mafb
MS00533|LBX2,6.026027502913706e-12,LBX2
MA0155|INSM1,7.259131309215514e-12,INSM1
UP00031|Zbtb3,8.663983413461532e-12,Zbtb3
UP00024|Glis2,1.2669325494997129e-11,Glis2
MS00308|CREB3,1.5956252782578398e-11,CREB3
MS00331|MAFK,1.7072447267415762e-11,MAFK
MC00475|Nfic,1.8171975455958895e-11,Nfic
M00733|SMAD4,2.8943133048194736e-11,SMAD4
MC00374|TFAP2C,3.0343362148940135e-11,TFAP2C
MC00128|CTCF,3.271570805230122e-11,CTCF
M00644|UBP1,3.841844711801659e-11,UBP1
M00444|VDR,4.973977773535999e-11,VDR
UP00412|Etv5,5.275113169907306e-11,Etv5
MS00050|GCM2,5.588119484619228e-11,GCM2
M00341|GABPB1,8.136659350977702e-11,GABPB1
MC00532|Mycn,9.027502249628537e-11,Mycn
MC00502|HMGN1,9.671987298182303e-11,HMGN1
MS00290|ZBED1,1.2673935160979348e-10,ZBED1
MS00256|HES7,1.5176009028694902e-10,HES7
MS00207|TBX21,1.6107311549572806e-10,TBX21
MC00295|Esr1,2.0395965552616475e-10,Esr1
MC00373|Mxi1,2.529100090001666e-10,Mxi1
MC00461|Max,2.775792670580559e-10,Max
MC00335|ESR1,3.241803724620422e-10,ESR1
UP00413|Elf4,3.440795231192554e-10,Elf4
MS00302|CEBPG,4.122030098269582e-10,CEBPG
MC00367|GABPA,4.2644412401811686e-10,GABPA
MS00479|ZNF784,4.3880852049813094e-10,ZNF784
MS00179|SCRT1,5.204515253398101e-10,SCRT1
MS00255|HES5,5.405950651876603e-10,HES5
UP00035|HIC1,6.680295331699911e-10,HIC1
MC00187|Ctcf,7.979623404321218e-10,Ctcf
MC00192|ZNF263,8.600407898055656e-10,ZNF263
MS00288|TFE3,9.230385888845152e-10,TFE3
UP00423|Gm5454,9.606501460207803e-10,Gm5454
MC00278|ETS1,9.795332345523148e-10,ETS1
MC00168|ERG,1.0823604528443305e-09,ERG
MA0073|RREB1,1.1102884190368128e-09,RREB1
M01744|ZFP42,1.2644727610483592e-09,ZFP42
MS00694|RXRG,1.3933779909372737e-09,RXRG
M00467|ZNF423,1.658916096892017e-09,ZNF423
MC00163|Creb1,3.0160126114309878e-09,Creb1
MS00100|MYBL1,3.0377632849611826e-09,MYBL1
MS00188|MGA,3.1558746114763634e-09,MGA
MC00362|Arntl,3.484097691450969e-09,Arntl
MS00834|ELF4,3.5280027354517834e-09,ELF4
MC00394|MYC,4.08352419943743e-09,MYC
UP00020|ATF1,5.510488692574166e-09,ATF1
MS00025|FEV,5.70089906686881e-09,FEV
UP00018|Irf4,5.7188727809135185e-09,Irf4
MS00392|Foxg1,6.635165975367456e-09,Foxg1
MS00662|NR3C2,8.317726815172166e-09,NR3C2
M01288|NEUROD1,9.030367451331696e-09,NEUROD1
MS00248|BHLHB3,1.0546198258546114e-08,BHLHB3
MS00018|ETV4,1.1242420957821613e-08,ETV4
MC00448|Nr1h2,1.2276773493511943e-08,Nr1h2
MS00299|CEBPD,1.712421597282376e-08,CEBPD
MC00206|ELK1,1.756754005340764e-08,ELK1
MS00027|FLI1,2.1564916468470035e-08,FLI1
UP00418|Etv6,2.610945293979303e-08,Etv6
MC00207|ELK4,2.7847922643754798e-08,ELK4
MS00115|NFIX,3.35930182048231e-08,NFIX
MS00194|TBX19,3.6645404648462e-08,TBX19
M00115|CNTN2::CREB1,3.747095987015709e-08,CNTN2::CREB1
UP00095|Zfp691,3.887520443096766e-08,Zfp691
M00433|Hmx3,4.0285897617117253e-08,Hmx3
MC00473|ATF3,4.682026351552663e-08,ATF3
MS00021|ETV6,4.842564470915135e-08,ETV6
MC00457|ELF1,4.9082187937801804e-08,ELF1
MC00465|NR3C1,5.9017076607549644e-08,NR3C1
MS00171|Rfx2,6.769924269654298e-08,Rfx2
MS00023|Elk3,7.53189323173986e-08,Elk3
MS00247|BHLHB2,7.681387581126403e-08,BHLHB2
M00749|SREBF1,9.5137503789651e-08,SREBF1
MS00067|IRF5,9.749814143519965e-08,IRF5
MC00377|Trp53,9.840112698965805e-08,Trp53
MS00684|RARG,1.0075101978515423e-07,RARG
MS00268|YY2,1.0618867329327832e-07,YY2
UP00009|Nr2f2,1.1812841877404085e-07,Nr2f2
MA0101|REL,1.2337683948072114e-07,REL
MC00203|RFX3,1.3644546023253654e-07,RFX3
MS00267|MNT,1.5134503379200434e-07,MNT
MS00490|ZSCAN4,1.5205735816949674e-07,ZSCAN4
M00085|ZBTB6,1.5403155625865587e-07,ZBTB6
M00155|NR2F2,1.6624959812621518e-07,NR2F2
MS00311|Creb3l2,1.9577100172736907e-07,Creb3l2
MS00713|THRB,1.9652067988370626e-07,THRB
MS00739|E2F8,2.4562442677156174e-07,E2F8
MC00224|EPAS1,2.623071454591077e-07,EPAS1
UP00404|ELF2,2.886111026499105e-07,ELF2
MC00386|BCL6,2.9564002894440845e-07,BCL6
MC00280|NR4A1,3.7830686140768797e-07,NR4A1
MS00383|FOXO4,4.071446990796231e-07,FOXO4
MS00338|NRL,5.615338793445082e-07,NRL
M00483|ATF6,5.667342853377633e-07,ATF6
MS00325|Jdp2,6.240592581144139e-07,Jdp2
MC00512|Esrrb,6.269680353163368e-07,Esrrb
UP00085|Sfpi1,6.312762830133226e-07,Sfpi1
MS00846|ERF,1.1474523122408716e-06,ERF
M01334|Nkx1-1,1.1761655192682295e-06,Nkx1-1
MS00371|FOXK1,1.2666878324123011e-06,FOXK1
MC00124|MAX,1.3037344179285215e-06,MAX
MC00439|TP63,1.4701946228099152e-06,TP63
MS00294|ATF7,1.4918405442013897e-06,ATF7
M01112|RBPJ,1.5462916504587858e-06,RBPJ
MA0161|NFIC,1.7905391555213747e-06,NFIC
MS00177|RUNX3,1.8047603515560048e-06,RUNX3
UP00092|MYB,2.1731901568276313e-06,MYB
MS00252|Bhlhb2,2.3923591873042517e-06,Bhlhb2
MC00193|RELA,2.45002183032375e-06,RELA
MS00061|HSFY2,3.0554697283127594e-06,HSFY2
MC00142|PPARG,3.82430566700912e-06,PPARG
M00646|HNF1B,3.867362830508001e-06,HNF1B
MS00638|ESRRG,4.008550497685629e-06,ESRRG
MS00300|CEBPE,4.296088399438705e-06,CEBPE
MC00342|YY1,4.6477331276869505e-06,YY1
MC00344|Hnf4a,4.65932991290501e-06,Hnf4a
MS00571|NKX2-8,4.760362795531193e-06,NKX2-8
MC00339|NFE2L2,4.9785390623328275e-06,NFE2L2
UP00040|Irf5,5.312588561854753e-06,Irf5
MS00162|RFX2,6.044191434615112e-06,RFX2
MS00320|JDP2,6.2018241816552715e-06,JDP2
UP00011|IRF6,6.924422602884515e-06,IRF6
MC00407|Myc,7.313512300550357e-06,Myc
M00694|E4F1,7.4722223352317775e-06,E4F1
MC00223|SMAD2/3,7.5986235701403e-06,SMAD2/3
UP00048|RARA,7.85651545452878e-06,RARA
M00490|BACH2,8.656849246955562e-06,BACH2
MS00327|MAFG,9.010291568288177e-06,MAFG
MS00218|T,9.161804585173627e-06,T
M01596|GLI3,9.794524960657812e-06,GLI3
MC00130|Pparg,1.1900680560314727e-05,Pparg
MS00844|ELK3,1.296642065174399e-05,ELK3
MS00114|NFIB,1.3496840295600665e-05,NFIB
MS00102|MYBL2,1.4048455842224158e-05,MYBL2
MC00135|Rela,1.4301303939442144e-05,Rela
MC00476|Rarg,1.4569681554962965e-05,Rarg
MC00471|Rxra,1.5035649576717256e-05,Rxra
M01312|NKX2-1,1.6376024678990012e-05,NKX2-1
M00456|BPTF,1.694123977522531e-05,BPTF
MC00468|AR,1.72691406852606e-05,AR
MC00337|Ikzf3,1.747900140301265e-05,Ikzf3
UP00043|Bcl6b,1.8715813742341898e-05,Bcl6b
MS00398|Foxk1,1.8886020224345543e-05,Foxk1
MC00334|SIX5,1.967503908341486e-05,SIX5
MC00372|Yy1,1.97365390320541e-05,Yy1
MS00313|Creb5,2.0817874529173708e-05,Creb5
MS00838|ELF5,2.09245823240019e-05,ELF5
MS00401|ZNF306,2.2346655506031287e-05,ZNF306
MS00253|CLOCK,2.6325383754158245e-05,CLOCK
MC00121|Cebpb,3.064859071846434e-05,Cebpb
MS00468|ZNF75A,3.225444564742245e-05,ZNF75A
MC00126|TCF12,3.2281646458049375e-05,TCF12
MC00357|Crx,3.233185799693501e-05,Crx
M01105|ZNF350,3.331209922656531e-05,ZNF350
MS00808|TFEC,3.506403915512856e-05,TFEC
M00041|ATF2::JUN,3.6626219722713776e-05,ATF2::JUN
MS00022|Elf5,3.728637429659101e-05,Elf5
M00088|IKZF1,4.187640872683193e-05,IKZF1
MS00692|RXRB,5.414818002952676e-05,RXRB
M01207|ETS2,5.513697571502354e-05,ETS2
MA0081|SPIB,5.693228005222671e-05,SPIB
MS00641|Esrra,6.1016456827265266e-05,Esrra
MC00351|FOSL1,6.820669006692391e-05,FOSL1
MS00386|FOXO6,6.864426140079614e-05,FOXO6
UP00056|RFX4,6.867836626953931e-05,RFX4
M01262|TBX18,7.869651242249585e-05,TBX18
MS00414|BARHL2,8.483751157003571e-05,BARHL2
MS00475|HMX3,9.010525506504548e-05,HMX3
MS00217|TBX5,0.0001038215415833809,TBX5
MC00170|PGR,0.00012649520583184892,PGR
MC00136|Hoxb4,0.00013101495702083968,Hoxb4
UP00086|IRF3,0.00013110752867249366,IRF3
M01709|MAFA,0.00013814051535284468,MAFA
UP00081|Mybl1,0.00018395710447740028,Mybl1
MS00072|IRF8,0.00021082013326911454,IRF8
MS00070|IRF7,0.00021305178811128797,IRF7
MS00756|E2F7,0.00023857896146397674,E2F7
MS00160|PROX1,0.00024309198108475575,PROX1
M00706|GTF2I,0.00025757870441688995,GTF2I
MS00709|THRA,0.00026463178835492977,THRA
MC00211|NFATC1,0.00027356329283121435,NFATC1
MS00376|FOXO1,0.00027569938441374684,FOXO1
MS00729|ZNF282,0.0002893598732466799,ZNF282
MC00348|STAT1,0.0003093040212117164,STAT1
MS00778|EHF,0.0003132951164445577,EHF
MC00396|Nr3c1,0.0003404995518885644,Nr3c1
MS00326|MAFF,0.00035309959493357094,MAFF
M00133|POU3F1,0.00037761797330806133,POU3F1
MC00341|Olig2,0.0003809584069159553,Olig2
M00526|NR6A1,0.00038351358513505,NR6A1
MS00421|Barhl1,0.00043333190217867624,Barhl1
MS00556|GRHL1,0.0004592211527010753,GRHL1
UP00112|Gsc,0.00047384021065679805,Gsc
MS00016|ETV2,0.0005042954666506405,ETV2
MS00190|SCRT2,0.0006570209483095967,SCRT2
MS00829|ESRRA,0.0006658976147854853,ESRRA
MC00356|Tbx21,0.0006714382086230654,Tbx21
M01728|NR2F6,0.000678846308290326,NR2F6
M01656|Trp63,0.0007138996932189987,Trp63
MC00132|TP73,0.0008573874012421266,TP73
MS00463|GSC2,0.0008973471123223348,GSC2
MC00289|HSF1,0.0010368121281813867,HSF1
MC00467|RXRA,0.0010924193317411576,RXRA
MS00579|TFCP2,0.0011774828881184081,TFCP2
MS00380|FOXO3,0.0011941529552384105,FOXO3
MC00104|Foxa1,0.001233866068379188,Foxa1
UP00045|MAFB,0.0012502561796663902,MAFB
M01733|MZF1,0.0013044557278803408,MZF1
MS00708|Rxrb,0.001343008827913806,Rxrb
M01067|GFI1,0.0013663825126824982,GFI1
M01445|Obox6,0.0014390573625918178,Obox6
M00648|MAF,0.0014698294625786212,MAF
MC00388|Tal1,0.0015749773997365002,Tal1
MS00820|NFIA,0.0016035756988846276,NFIA
UP00027|Osr1,0.001686233515875078,Osr1
MC00169|Usf2,0.0017311877005488081,Usf2
UP00148|Hdx,0.0017629858843185274,Hdx
MC00477|ZNF711,0.001902499401260815,ZNF711
MS00065|IRF4,0.0019782791736333138,IRF4
MS00685|RORA,0.002019978901483191,RORA
MS00657|NR2F1,0.002096365202159432,NR2F1
MC00330|FOS,0.002133990395100763,FOS
MS00296|BATF3,0.0021626283411953547,BATF3
M00159|CEBPA,0.002203266419195279,CEBPA
MS00282|Srebf1,0.0022890177650456774,Srebf1
MC00134|Ppara,0.0022992698491875667,Ppara
MC00129|Fli1,0.0023150116561678692,Fli1
M01069|GZF1,0.0023894462227689586,GZF1
MC00293|Gfi1b,0.0024123765267525105,Gfi1b
UP00117|Hoxd11,0.0024226655222005828,Hoxd11
MS00726|PRDM4,0.002588806360524559,PRDM4
MS00514|Hoxa11,0.00266072887960353,Hoxa11
MS00665|NR4A2,0.0027024422621080026,NR4A2
UP00193|Rhox11,0.0028512337821001415,Rhox11
MS00361|FOXG1,0.002870787670387653,FOXG1
MC00385|Ets1,0.0031444819597542142,Ets1
M00964|NR1I2,0.0033973097227398335,NR1I2
UP00033|Zfp410,0.0035480859041771627,Zfp410
MC00347|STAT4,0.0035917321635362104,STAT4
MC00408|Myb,0.003679773965995582,Myb
MC00453|STAT5A,0.0037092884910764337,STAT5A
MC00511|Rxrg,0.003788905850098231,Rxrg
MC00186|Nr1d2,0.0038890334940080667,Nr1d2
M00999|AIRE,0.004060982355152778,AIRE
MS00836|HOXD12,0.004281630999763064,HOXD12
MS00812|ELF3,0.004437043179196938,ELF3
UP00125|PITX2,0.004459264560705926,PITX2
UP00192|SIX1,0.004548519670553486,SIX1
M00750|HMGA1,0.004743068252661631,HMGA1
MS00317|HLF,0.004811690420462976,HLF
UP00199|SIX4,0.004831876480087746,SIX4
MS00169|RFX5,0.0050659074992675,RFX5
MC00414|Atoh1,0.0053654522644032655,Atoh1
M00632|GATA4,0.005430722211444738,GATA4
MS00265|MLXIPL,0.00556886087226409,MLXIPL
MC00265|Tcf3,0.005922695164212238,Tcf3
MS00291|Tcf21,0.006030391718860872,Tcf21
MC00364|NFYA,0.006090443515153307,NFYA
MA0130|ZNF354C,0.0064325255588168935,ZNF354C
UP00190|NKX2-3,0.0064358292890178605,NKX2-3
MS00433|DMBX1,0.00651286467508815,DMBX1
M01466|Obox3,0.0067008016933006185,Obox3
M01480|Obox5,0.006891152232806185,Obox5
M00624|DBP,0.007344642912927628,DBP
MS00700|Rarb,0.007844530259955726,Rarb
MS00251|BHLHE41,0.00798387307588337,BHLHE41
MC00370|Npas4,0.008498973470064687,Npas4
MC00250|Nkx3-1,0.008583055406265873,Nkx3-1
MS00287|TFAP4,0.009047583456060817,TFAP4
MS00295|Atf4,0.009246218154030657,Atf4
UP00177|Hoxd12,0.009678510738904394,Hoxd12
MC00191|Nfya,0.01001097727767545,Nfya
UP00249|NKX2-5,0.010335107475067298,NKX2-5
MC00413|Runx1,0.01037918183211193,Runx1
UP00184|Lhx8,0.010514223124341712,Lhx8
M01081|ZNF628,0.010555042982340867,ZNF628
MC00272|CEBPB,0.01056898776986934,CEBPB
MS00243|Ascl2,0.011325912487693091,Ascl2
MS00612|CUX1,0.0117058520181901,CUX1
MA0108|TBP,0.012242217382295585,TBP
MS00060|HSF4,0.012529633690219647,HSF4
MA0164|NR2E3,0.01283359057275103,NR2E3
MS00436|DPRX,0.013073422579865069,DPRX
MS00390|ZNF238,0.013532971281360107,ZNF238
MC00122|Cebpa,0.01367161068269058,Cebpa
MS00088|Meis3,0.013801170958362191,Meis3
MC00371|JUNB,0.01412612920115093,JUNB
MC00352|Nr5a2,0.014326205626714989,Nr5a2
MS00337|NFIL3,0.014551862366772287,NFIL3
MS00261|ID4,0.014855255829974158,ID4
M01450|Obox1,0.01497949725994704,Obox1
M00405|MEF2A,0.01661248463348762,MEF2A
MS00201|SNAI2,0.017691966138303986,SNAI2
MA0051|IRF2,0.01852920644632807,IRF2
MS00316|Dbp,0.018562282325610423,Dbp
MC00312|RUNX1,0.018771154602945924,RUNX1
MC00359|TP53,0.01996349957037178,TP53
MS00214|TBX4,0.021026344386587386,TBX4
MC00204|Stat5b,0.021776309683903084,Stat5b
MS00394|Foxj3,0.021818726876459943,Foxj3
M00420|MEIS1::HOXA9,0.022066865964098896,MEIS1::HOXA9
MS00807|MSC,0.024470109928745338,MSC
MC00321|JUN,0.02472042697253369,JUN
MC00305|Sox6,0.02475602343701688,Sox6
MC00111|Bcl6,0.025118620632038433,Bcl6
MS00271|NEUROD2,0.027316127823107154,NEUROD2
MS00464|GSC,0.027397555547617206,GSC
MC00505|POLR2B,0.028616880572351296,POLR2B
MC00524|Nr1d1,0.028694641957374395,Nr1d1
MS00073|IRF9,0.030098679339073384,IRF9
M01734|NFATC4,0.03351970407342564,NFATC4
UP00107|Nkx2-4,0.0340267746222655,Nkx2-4
MS00091|PKNOX1,0.03559051690860078,PKNOX1
MS00626|VSX1,0.037910424133735965,VSX1
MS00769|SOX7,0.03942837161728735,SOX7
M01132|SF1,0.04027998378376019,SF1
MS00084|MEIS3,0.041406918368548984,MEIS3
MC00458|TAL1,0.041699070621224014,TAL1
MS00480|HOXA10,0.04232404965579283,HOXA10
MS00094|TGIF1,0.04265944359775089,TGIF1
UP00119|Nkx2-9,0.04269742571399074,Nkx2-9
MS00202|TBX20,0.0430900899751545,TBX20
MS00419|BSX,0.04314070673899578,BSX
UP00243|Isx,0.043334698310837166,Isx
MC00456|JUND,0.043455145496314525,JUND
MS00459|GBX1,0.04352418058610085,GBX1
MA0152|NFATC2,0.04457048933486737,NFATC2
MS00254|FIGLA,0.04527210011073356,FIGLA
MS00750|SOX15,0.04536296012806342,SOX15
MS00040|SPIC,0.04761780522823572,SPIC
MS00497|HOXC11,0.04795689163815761,HOXC11
MC00248|USF1,0.04860281127418024,USF1
MS00092|PKNOX2,0.05148541758987624,PKNOX2
UP00052|Osr2,0.05166540512548358,Osr2
UP00170|Isl2,0.05478078281469068,Isl2
MS00744|SOX10,0.055196443477574596,SOX10
MS00418|BARX1,0.05845053351815446,BARX1
M00712|MYOG,0.0609137048239514,MYOG
M01305|TEF,0.06109862820222167,TEF
M00678|ETV7,0.061833994259181665,ETV7
MS00318|Hlf,0.06499875631768101,Hlf
MS00224|TEAD4,0.06505748424533894,TEAD4
MC00151|SPI1,0.06526340410317133,SPI1
UP00132|Evx2,0.06786684281220914,Evx2
MS00460|GBX2,0.06919901052138755,GBX2
MC00154|Jund,0.07321000940475546,Jund
M00495|BACH1,0.0740519246142934,BACH1
MS00679|ONECUT2,0.0742357591432044,ONECUT2
M01123|NANOG,0.07571294058036375,NANOG
MS00795|Sox11,0.07830127207030271,Sox11
MS00168|PRDM1,0.07962739791082792,PRDM1
MC00281|PBX3,0.08149874539689153,PBX3
UP00187|ALX4,0.0837525895981178,ALX4
MS00343|FOXB1,0.08449252934922538,FOXB1
UP00231|NKX2-2,0.08496097006762629,NKX2-2
MS00506|HOXD11,0.08514853496090029,HOXD11
MC00195|Myf5,0.09013528267467572,Myf5
MS00527|IRX5,0.09101684972803917,IRX5
MS00609|RHOXF1,0.09182225552730774,RHOXF1
MS00730|ZNF435,0.09204088145605802,ZNF435
MS00496|HOXC10,0.0923218475675497,HOXC10
UP00391|HOXA3,0.09281979600539844,HOXA3
MS00093|Pknox2,0.09289440959239198,Pknox2
MC00368|Hsf1,0.09361733894176326,Hsf1
MS00616|UNCX,0.09760972834946606,UNCX
MS00766|SOX4,0.09910029296854161,SOX4
MS00095|TGIF2LX,0.09995324892358165,TGIF2LX
MS00266|MLX,0.10020831259104224,MLX
UP00114|Homez,0.1034396016114281,Homez
MS00667|ONECUT1,0.10817452552662792,ONECUT1
MS00075|MEF2B,0.10957309548779075,MEF2B
MC00304|FOXH1,0.10972453416797566,FOXH1
MS00486|HOXA1,0.10982683551775796,HOXA1
MS00555|MIXL1,0.1126543492575112,MIXL1
MS00192|TBX15,0.11343682250166646,TBX15
UP00261|LHX4,0.11705536065388136,LHX4
MS00289|TFEB,0.1175783649999692,TFEB
UP00197|HOXC9,0.11816171451662506,HOXC9
MC00513|SFPI1,0.12027064629412267,SFPI1
UP00259|HOXB6,0.12156231065112078,HOXB6
MC00402|Hoxc9,0.1236891056341613,Hoxc9
UP00207|HOXB9,0.1241785652298293,HOXB9
MS00469|Gbx2,0.12552991573795388,Gbx2
MS00505|HOXC13,0.12553042726266536,HOXC13
UP00147|Nkx2-6,0.12914304808372964,Nkx2-6
MS00087|Meis2,0.13219168836157252,Meis2
M01295|ATF5,0.13411206792781902,ATF5
MS00586|Otx1,0.1357206493827348,Otx1
M00640|HOXA4,0.13611417588038213,HOXA4
MS00526|IRX2,0.136592683822923,IRX2
MC00231|MEF2C,0.13941655970469,MEF2C
MS00668|Nr2e1,0.14194539335524872,Nr2e1
UP00055|HBP1,0.14304875317813245,HBP1
MC00355|SRF,0.14892136993025168,SRF
MC00369|Myod1,0.14995971184583748,Myod1
UP00019|ZBTB12,0.15057699844944156,ZBTB12
MS00336|NFE2,0.15281874109930393,NFE2
UP00182|HOXA6,0.1563619070925752,HOXA6
MS00045|GATA5,0.1566621110539489,GATA5
MC00452|STAT5B,0.1594758670702622,STAT5B
MS00582|OTX1,0.16017536419994782,OTX1
MS00454|EVX1,0.16056467760357637,EVX1
MS00412|ZNF410,0.1620031102549468,ZNF410
MA0030|FOXF2,0.16271150013239732,FOXF2
UP00185|PBX1,0.16843677026611134,PBX1
UP00238|Nkx6-3,0.16847000620131397,Nkx6-3
MS00605|RAXL1,0.17073417309643832,RAXL1
MS00517|Hoxc10,0.17520408967911835,Hoxc10
M01364|Obox2,0.1794048966597814,Obox2
UP00263|Hoxb8,0.18252006194103665,Hoxb8
M01195|TBX22,0.19330345843732397,TBX22
MS00503|HOXC12,0.19394945198012656,HOXC12
UP00120|Lbx2,0.19428044364765784,Lbx2
MS00219|TEAD1,0.19740584786964685,TEAD1
MS00669|Nr2f6,0.19756849632992426,Nr2f6
MS00596|PITX3,0.1989927663244709,PITX3
MS00455|EVX2,0.20681226150115165,EVX2
MS00575|NKX6-1,0.21215583528489743,NKX6-1
MC00411|BATF,0.2131881757530004,BATF
MS00096|TGIF2,0.2138176273339842,TGIF2
MS00525|Hoxd9,0.21547101189548717,Hoxd9
MS00450|EN2,0.21645436097613246,EN2
UP00126|DLX2,0.221478214589434,DLX2
MS00653|NR2E1,0.22723470370521442,NR2E1
MS00442|EMX1,0.22830880821679148,EMX1
MS00059|HSF2,0.23112607661030557,HSF2
UP00151|BARX2,0.23367793589194769,BARX2
MS00431|DLX5,0.23428915461960406,DLX5
MS00424|CART1,0.24760640181997506,CART1
MS00191|TBR1,0.2524433821901388,TBR1
MS00690|ONECUT3,0.252634935744982,ONECUT3
MS00452|ESX1,0.25487189459690224,ESX1
M01300|HMGA2,0.25973703060632874,HMGA2
MS00542|LHX9,0.26707158074943793,LHX9
MC00507|Meis1,0.2698833410226984,Meis1
MS00489|HOXB13,0.272971525968676,HOXB13
MS00106|NFAT5,0.2732520944043243,NFAT5
UP00221|PHOX2A,0.28099600672518443,PHOX2A
MC00233|Pou5f1,0.284061084177278,Pou5f1
M01151|Dmrtc2,0.28454519401133643,Dmrtc2
MS00467|Gbx1,0.2848582600474941,Gbx1
UP00389|NKX3-1,0.28920691365815165,NKX3-1
MS00222|TEAD3,0.291672967468077,TEAD3
MS00387|FOXP3,0.29471918816873827,FOXP3
M01306|ZNF217,0.2962547103060087,ZNF217
UP00159|SIX2,0.2979941449853678,SIX2
UP00080|Gata5,0.3024917720235892,Gata5
MS00270|Mlx,0.30317221304249564,Mlx
MS00250|BHLHE23,0.31350407542356845,BHLHE23
MS00041|Spic,0.3150094983522229,Spic
MC00119|GATA3,0.3174600111656918,GATA3
MS00531|ISX,0.32569050274085326,ISX
MS00485|HOXA13,0.3263921964741271,HOXA13
MS00439|Dlx1,0.33209043198584703,Dlx1
MS00595|PITX1,0.33669141181895046,PITX1
MS00197|TBX1,0.34610314419818977,TBX1
MS00528|ISL2,0.34960830665635123,ISL2
UP00215|Vax1,0.35418034929109243,Vax1
MS00470|HESX1,0.3565003866106735,HESX1
MC00508|Batf,0.3598599907564684,Batf
MS00430|DLX4,0.3613172392584518,DLX4
MC00504|Scx,0.3651984022021299,Scx
MS00432|DLX6,0.3653785301529354,DLX6
MS00599|PRRX1,0.3713333663319966,PRRX1
MS00606|RAX,0.3745444384621199,RAX
MS00614|SHOX,0.37507967251865826,SHOX
UP00138|Bsx,0.3760695808425948,Bsx
MS00444|EMX2,0.37920722336921925,EMX2
MS00511|HOXD13,0.3828644849921692,HOXD13
MS00446|EN1,0.3884632119091739,EN1
M01326|GSX2,0.39163739531821307,GSX2
UP00161|Hmbox1,0.3933550899539585,Hmbox1
MC00276|EOMES,0.39867768618658045,EOMES
MC00162|LMO2,0.40209432900177333,LMO2
UP00152|Arx,0.403742510378299,Arx
UP00140|Hoxd1,0.40815109593156473,Hoxd1
MC00157|Tead4,0.4174521109769621,Tead4
UP00078|ARID3A,0.41924887242264464,ARID3A
MS00581|Nkx6-1,0.4204140635527228,Nkx6-1
MC00311|FOXA1,0.42481417417655765,FOXA1
MS00603|PRRX2,0.4297528056957689,PRRX2
MA0125|Nobox,0.4329278225100778,Nobox
MS00613|SHOX2,0.4330675536684152,SHOX2
M01282|PPARA,0.4347809089125624,PPARA
MC00416|Rbfox2,0.43717907056746286,Rbfox2
MS00521|Hoxd3,0.443521539550485,Hoxd3
MC00326|Gata3,0.4438165930218958,Gata3
M00062|IRF1,0.4446057359004366,IRF1
MC00506|Spi1,0.44578570587207067,Spi1
MS00811|RARB,0.44944863249358136,RARB
MS00717|Tp53,0.45272036353760103,Tp53
MS00429|DLX3,0.45569386695859415,DLX3
UP00044|Mafk,0.45625535785955085,Mafk
MS00559|MSX1,0.4568826682904479,MSX1
MS00053|TCF7L1,0.4589411004258368,TCF7L1
MC00327|Gata1,0.4665763068662899,Gata1
MS00755|SOX21,0.4748280823563178,SOX21
MA0103|ZEB1,0.47637489378885656,ZEB1
MC00117|GATA6,0.47846472012368857,GATA6
MS00354|FOXC2,0.496510427102274,FOXC2
MS00615|Shox2,0.5002704748277871,Shox2
MS00553|MEOX2,0.5051592004920158,MEOX2
MC00287|POU2F2,0.5064630028129006,POU2F2
MS00493|HOXB5,0.5069699629698883,HOXB5
MS00280|OLIG3,0.5109072592481145,OLIG3
MS00491|HOXB2,0.5131845634358763,HOXB2
MS00440|Dlx2,0.5145193196153995,Dlx2
MS00473|HMX1,0.5159047986019274,HMX1
MC00118|GATA2,0.5256456164699967,GATA2
UP00158|POU1F1,0.5267089461216017,POU1F1
MC00514|Cbfa2t2,0.5383729489728624,Cbfa2t2
MC00349|Jun,0.5412773527830801,Jun
MC00205|Stat5a,0.5434994899103076,Stat5a
MC00309|TCF7L2,0.543513587920144,TCF7L2
MS00516|Hoxa2,0.5439264421601991,Hoxa2
MS00802|Sox1,0.5443590471265641,Sox1
M01268|NR1H4,0.5541682681914479,NR1H4
MS00619|Uncx,0.5553462505450537,Uncx
MS00245|BHLHA15,0.5602654131760777,BHLHA15
MC00165|Pdx1,0.5615748275913632,Pdx1
MC00178|Nkx2-5,0.5663999586649116,Nkx2-5
MS00628|Vsx1,0.5854592843750812,Vsx1
MS00076|MEF2D,0.5870013960678075,MEF2D
UP00037|Zfp105,0.5976885594787078,Zfp105
MA0365|RFX1,0.5994345997405564,RFX1
MC00105|Foxa2,0.6009214896792194,Foxa2
MS00585|OTX2,0.6021329294938118,OTX2
UP00218|Dbx2,0.6024045275205994,Dbx2
MS00578|NOTO,0.6057800259279948,NOTO
UP00195|SIX3,0.610450462471318,SIX3
M01230|ZNF333,0.6132154743974463,ZNF333
UP00213|HOXA9,0.6318395819416884,HOXA9
MS00349|FOXC1,0.6377302988481983,FOXC1
UP00388|SIX6,0.6399376471832807,SIX6
UP00139|Nkx1-2,0.6433717922486795,Nkx1-2
MS00272|NEUROG2,0.6482542480357667,NEUROG2
MC00329|Srf,0.6521811872546408,Srf
MS00492|HOXB3,0.6591114082224698,HOXB3
M01479|POU6F1,0.6627376272644308,POU6F1
M00454|ARID5B,0.6628305418560241,ARID5B
MC00354|Neurod1,0.6711629898260377,Neurod1
MC00260|Pax3,0.6739371352451016,Pax3
MC00120|GATA1,0.6834021713046198,GATA1
MS00520|Hoxd13,0.6849065063116113,Hoxd13
MS00359|FOXD3,0.6898941189432111,FOXD3
MS00055|HOMEZ,0.6911026446131854,HOMEZ
M01147|DMRT2,0.7024608861141329,DMRT2
MS00402|ALX3,0.7043716468896799,ALX3
MS00054|Tcf7,0.7100784465584784,Tcf7
MS00803|Sox3,0.713036484053602,Sox3
MS00474|HMX2,0.713273823240439,HMX2
MS00593|PHOX2B,0.7224741467589391,PHOX2B
MS00540|LHX6,0.724756720837519,LHX6
MC00325|Gata2,0.7253288276101022,Gata2
MC00269|SOX2,0.7253594949003201,SOX2
MS00627|VSX2,0.7293558832732372,VSX2
MS00427|DLX1,0.7312571931111322,DLX1
MC00324|Gata4,0.7318697924887957,Gata4
MS00369|FOXJ3,0.7330162124240104,FOXJ3
MS00145|POU3F4,0.7335270676252335,POU3F4
UP00023|Sox30,0.740575333057792,Sox30
MS00604|Prrx2,0.7429006611132873,Prrx2
MS00624|VENTX,0.7434673929962066,VENTX
MS00277|OLIG2,0.746246746087516,OLIG2
MC00217|FOXA2,0.7495039579873708,FOXA2
UP00096|SOX13,0.750157517507636,SOX13
MC00141|Stat1,0.7540365860889453,Stat1
MS00532|Irx3,0.7547730518105984,Irx3
MS00366|FOXJ2,0.7587707890647604,FOXJ2
UP00175|Lhx9,0.7590682139334598,Lhx9
UP00034|Sox7,0.7707896611521758,Sox7
MS00551|MEOX1,0.7742851697190838,MEOX1
MS00563|Meox2,0.7744160336188405,Meox2
UP00248|Pax7,0.7744762059218421,Pax7
UP00014|Sox17,0.7769635990342995,Sox17
MS00547|Lhx4,0.7823788807768872,Lhx4
UP00186|MEIS1,0.790522513659572,MEIS1
MS00011|BCL6B,0.7914004555712242,BCL6B
MS00788|SRY,0.793389910819732,SRY
MS00577|NKX6-2,0.7946892116192457,NKX6-2
MS00501|Zfp652,0.8001877549584911,Zfp652
UP00252|HOXC5,0.8025757395737709,HOXC5
UP00091|SOX5,0.8035485791339542,SOX5
MS00356|FOXD2,0.8037095829970583,FOXD2
MS00753|SOX18,0.8067407797130752,SOX18
MC00226|Nanog,0.8077795852611825,Nanog
MS00083|MEIS2,0.8158097521198854,MEIS2
UP00166|BARHL1,0.8176021926986364,BARHL1
MS00126|PAX7,0.8190829803289511,PAX7
MS00748|SOX14,0.8196556384169827,SOX14
MS00373|FOXL1,0.8201859768220963,FOXL1
M00478|CDC5L,0.831222048796634,CDC5L
MS00149|POU4F2,0.832342541334145,POU4F2
UP00206|Hoxb7,0.832645043738083,Hoxb7
M00294|Foxf1a,0.8331055768214238,Foxf1a
MS00472|HMBOX1,0.8332094965826194,HMBOX1
UP00212|LHX5,0.8379661941353391,LHX5
MS00543|LMX1A,0.8386090164094954,LMX1A
UP00137|Hoxb3,0.840510321927991,Hoxb3
UP00237|Otp,0.8430691601746461,Otp
MS00406|Alx1,0.8484984603101251,Alx1
UP00169|LMX1B,0.849469444536437,LMX1B
UP00130|LHX3,0.8516030562617407,LHX3
M01453|ALX1,0.8517816882069265,ALX1
M00289|FOXI1,0.8542776936983869,FOXI1
MS00536|LHX2,0.8556840123176994,LHX2
M01435|Rhox6,0.8559904727799365,Rhox6
M01108|HOXA7,0.8561232525162772,HOXA7
MS00151|POU4F3,0.8642406085664771,POU4F3
MC00474|BCL11A,0.8709980849238161,BCL11A
MS00465|GSX1,0.8715946217772295,GSX1
UP00242|HOXC8,0.8739975007592711,HOXC8
UP00051|Sox8,0.8786503335140423,Sox8
MC00501|FOXP1,0.8800253323850844,FOXP1
M01148|DMRT3,0.8803635925326563,DMRT3
UP00128|POU3F2,0.8808397185137369,POU3F2
MS00557|MNX1,0.8815989188009039,MNX1
MS00513|HOXD8,0.8816751745224135,HOXD8
MS00269|MYF6,0.8823313336223538,MYF6
UP00189|HOXA5,0.8853609734188139,HOXA5
MS00249|BHLHE22,0.8864092897763622,BHLHE22
UP00129|Pou3f1,0.8866162715177487,Pou3f1
MC00146|Smad2/3,0.8875112068594624,Smad2/3
MS00142|POU3F3,0.8906323396009319,POU3F3
M01075|ZBTB16,0.9004358999301243,ZBTB16
MS00589|PDX1,0.9012151126136476,PDX1
MS00634|CUX2,0.9053830224980806,CUX2
MS00774|SOX8,0.9066509686984672,SOX8
M01483|Dbx1,0.9083578375817887,Dbx1
UP00262|Lhx1,0.9105637042380708,Lhx1
UP00241|HOXD3,0.9128460565428215,HOXD3
M01694|Yy2,0.919696703736318,Yy2
M01127|ISL1,0.9219451539250993,ISL1
MS00731|ZNF713,0.9224469578211836,ZNF713
MS00794|Sox10,0.9225319380528298,Sox10
MS00458|En2,0.9284976244320953,En2
MS00153|POU5F1P1,0.930556550852323,POU5F1P1
MS00476|HNF1A,0.930855403814024,HNF1A
MC00288|POU2F1,0.933973301315428,POU2F1
UP00260|Hoxc6,0.9360671742282369,Hoxc6
UP00155|Hmx2,0.9365815777158424,Hmx2
MS00136|POU2F3,0.9367190163644089,POU2F3
MS00487|HOXA2,0.9406549773794963,HOXA2
M01722|RORB,0.9408512473789842,RORB
MS00033|SPDEF,0.9505623361812343,SPDEF
UP00121|Hoxd10,0.9547521374468092,Hoxd10
M01150|Dmrta2,0.9549836295644696,Dmrta2
UP00194|IRX4,0.9560186514453607,IRX4
UP00168|Hoxd8,0.9562340641571309,Hoxd8
UP00082|Zfp187,0.959821637970911,Zfp187
MS00052|SOX9,0.9629583055126323,SOX9
UP00012|Bbx,0.9637943666495425,Bbx
MS00155|POU6F2,0.9639520379573239,POU6F2
MS00621|VAX2,0.9645156665842433,VAX2
UP00113|HOXC4,0.9647437647495091,HOXC4
MS00438|DUXA,0.9649871031714699,DUXA
UP00075|Sox15,0.9655961959881357,Sox15
MS00051|LEF1,0.9657775114439406,LEF1
MS00276|OLIG1,0.9661964100299347,OLIG1
M01149|Dmrta1,0.9665857357976999,Dmrta1
MS00388|Foxc1,0.9675708511852624,Foxc1
UP00101|Sox12,0.9753439940339991,Sox12
MS00405|ARX,0.9769084941557031,ARX
MS00408|Alx4,0.9804356676117979,Alx4
UP00211|Pou3f3,0.9824163272882142,Pou3f3
MA0031|FOXD1,0.9829628671547114,FOXD1
UP00064|Sox18,0.9845174426243922,Sox18
MC00303|Sox2,0.9856828008749356,Sox2
UP00244|TLX2,0.9864683077590403,TLX2
M01146|DMRT1,0.9879383567665994,DMRT1
MS00620|VAX1,0.989706704544457,VAX1
MS00573|NKX3-2,0.9898206133380123,NKX3-2
MS00437|DRGX,0.9927121330617799,DRGX
UP00004|Sox14,0.9951005086026076,Sox14
MC00378|POU5F1,0.9960603596175809,POU5F1
UP00071|Sox21,0.9961629679752214,Sox21
MS00425|CDX1,0.9964164816199842,CDX1
MS00148|POU4F1,0.9964568641423026,POU4F1
M01399|Hlx,0.9969130976155496,Hlx
MS00597|PROP1,0.997188214995067,PROP1
MC00455|Cdx2,0.9973325327310907,Cdx2
UP00041|Foxj1,0.99788891643868,Foxj1
MS00732|CPEB1,0.9981815492459529,CPEB1
MC00389|CDX2,0.9983029277726841,CDX2
M01004|IKZF2,0.998895214360053,IKZF2
MS00564|Msx3,0.9989834986673745,Msx3
UP00150|IRX6,0.9990967040070119,IRX6
MS00561|MSX2,0.9991857652919334,MSX2
MS00728|ZNF232,0.9992359382777831,ZNF232
M01723|SATB1,0.999538824377628,SATB1
MA0040|Foxq1,0.9999791690540335,Foxq1
